<?xml version="1.0"?>
<chatroom>
  <users><user name="dhl"/><user name="dhl"/><user name="hldai"/><user name="all right"/><user name="dude"/><user name="bob"/></users>
  <messages><message name="dhl" color="black">Hi</message><message name="dhl" color="black">Hello</message><message name="dhl" color="green">Hi</message><message name="all right" color="black">all right</message><message name="dude" color="black">this is the dude</message><message name="dude" color="blue">i am the dude</message><message name="bob" color="yellow">message by bob</message><message name="bob" color="black">chat</message><message name="bob" color="green">signature</message></messages>
</chatroom>
